Spectrum ID,Spectrum Title,Sequence,Exp m/z,Modifications,Charge,Calc m/z,Protein ID,Sequence Start,Sequence Stop,Sequence Pre AA,uCalc m/z,Accuracy (ppm),Complies search criteria,Sequence Post AA,Is decoy,Retention Time (s),OMSSA:evalue,OMSSA:pvalue
2458,BSA1.2458.2458.3,SHCIAEVEK,1071.503,Carbamidomethyl:3,3,1071.502,sp|P02769|ALBU_BOVIN Serum albumin OS=Bos taurus GN=ALB PE=1 SV=4,310,318,K,358.17457463230335,1988760.7602257272,true,D,false,1554.4921875,7.11807636367449e-05,7.11807636367449e-05
2547,BSA1.2547.2547.2,YICDNQDTISSK,1442.635,Carbamidomethyl:3,2,1442.635,sp|P02769|ALBU_BOVIN Serum albumin OS=Bos taurus GN=ALB PE=1 SV=4,286,297,K,722.3246560391699,995817.8531430375,true,L,false,1736.66821289062,0.0044674198815138,0.0044674198815138
2548,BSA1.2548.2548.2,DDSPDLPK,885.407,,2,885.409,sp|P02769|ALBU_BOVIN Serum albumin OS=Bos taurus GN=ALB PE=1 SV=4,131,138,K,443.71126489466997,993192.056489228,true,L,false,1738.03344726562,0.000311969919513878,0.000311969919513878
2566,BSA1.2566.2566.2,CCTESLVNR,1137.491,Carbamidomethyl:1;Carbamidomethyl:2,2,1137.49,sp|P02769|ALBU_BOVIN Serum albumin OS=Bos taurus GN=ALB PE=1 SV=4,499,507,K,569.75261564827,994699.0629213545,true,R,false,1750.91589355469,0.000171958885036006,0.000171958885036006
2569,BSA1.2569.2569.3,ECCDKPLLEK,1290.596,Carbamidomethyl:2;Carbamidomethyl:3,3,1290.595,sp|P02769|ALBU_BOVIN Serum albumin OS=Bos taurus GN=ALB PE=1 SV=4,300,309,K,431.20554616077,1990663.0048653365,true,S,false,1755.91577148438,0.0840477861236897,0.0840477861236897
2573,BSA1.2573.2573.2,ECCDKPLLEK,1290.595,Carbamidomethyl:2;Carbamidomethyl:3,2,1290.595,sp|P02769|ALBU_BOVIN Serum albumin OS=Bos taurus GN=ALB PE=1 SV=4,300,309,K,646.30468100777,995326.2449090346,true,S,false,1759.0947265625,0.0666464342726683,0.0666464342726683
2583,BSA1.2583.2583.3,LCVLHEK,897.476,Carbamidomethyl:2,3,897.474,sp|P02769|ALBU_BOVIN Serum albumin OS=Bos taurus GN=ALB PE=1 SV=4,483,489,R,300.1653508652367,1986593.3563468745,true,T,false,1772.36950683594,0.0260342980558771,0.0260342980558771
2588,BSA1.2588.2588.2,LCVLHEK,897.473,Carbamidomethyl:2,2,897.474,sp|P02769|ALBU_BOVIN Serum albumin OS=Bos taurus GN=ALB PE=1 SV=4,483,489,R,449.74438806447,993282.7326428138,true,T,false,1776.05004882812,0.000815926725321667,0.000815926725321667
2590,BSA1.2590.2590.2,YICDNQDTISSK,1442.633,Carbamidomethyl:3,2,1442.635,sp|P02769|ALBU_BOVIN Serum albumin OS=Bos taurus GN=ALB PE=1 SV=4,286,297,K,722.3246560391699,995817.8531430375,true,L,false,1777.67211914062,0.487411433823353,0.487411433823353
2609,BSA1.2609.2609.2,CCTESLVNR,1137.489,Carbamidomethyl:1;Carbamidomethyl:2,2,1137.49,sp|P02769|ALBU_BOVIN Serum albumin OS=Bos taurus GN=ALB PE=1 SV=4,499,507,K,569.75261564827,994699.0629213545,true,R,false,1793.82604980469,0.0103387703200077,0.0103387703200077
2615,BSA1.2615.2615.3,ECCDKPLLEK,1290.593,Carbamidomethyl:2;Carbamidomethyl:3,3,1290.595,sp|P02769|ALBU_BOVIN Serum albumin OS=Bos taurus GN=ALB PE=1 SV=4,300,309,K,431.20554616077,1990663.0048653365,true,S,false,1797.83959960938,0.05082078338475,0.05082078338475
2619,BSA1.2619.2619.3,LCVLHEK,897.476,Carbamidomethyl:2,3,897.474,sp|P02769|ALBU_BOVIN Serum albumin OS=Bos taurus GN=ALB PE=1 SV=4,483,489,R,300.1653508652367,1986593.3563468745,true,T,false,1800.23291015625,0.00173260085835292,0.00173260085835292
2624,BSA1.2624.2624.2,YICDNQDTISSK,1442.635,Carbamidomethyl:3,2,1442.635,sp|P02769|ALBU_BOVIN Serum albumin OS=Bos taurus GN=ALB PE=1 SV=4,286,297,K,722.3246560391699,995817.8531430375,true,L,false,1804.15795898438,3.48338813182274e-05,3.48338813182274e-05
2625,BSA1.2625.2625.2,ECCDKPLLEK,1290.593,Carbamidomethyl:2;Carbamidomethyl:3,2,1290.595,sp|P02769|ALBU_BOVIN Serum albumin OS=Bos taurus GN=ALB PE=1 SV=4,300,309,K,646.30468100777,995326.2449090346,true,S,false,1804.53405761719,0.107750355273592,0.107750355273592
2657,BSA1.2657.2657.2,ETYGDMADCCEK,1477.517,Carbamidomethyl:9;Carbamidomethyl:10,2,1477.515,sp|P02769|ALBU_BOVIN Serum albumin OS=Bos taurus GN=ALB PE=1 SV=4,106,117,R,739.76525990847,995917.453922019,true,Q,false,1837.71459960938,0.682026693272177,0.682026693272177
2659,BSA1.2659.2659.2,DLGEEHFK,973.449,,2,973.451,sp|P02769|ALBU_BOVIN Serum albumin OS=Bos taurus GN=ALB PE=1 SV=4,37,44,K,487.73253165307,993804.7934670309,true,G,false,1838.44543457031,0.057202224059462,0.057202224059462
2663,BSA1.2663.2663.3,DLGEEHFK,973.451,,3,973.451,sp|P02769|ALBU_BOVIN Serum albumin OS=Bos taurus GN=ALB PE=1 SV=4,37,44,K,325.49077992430335,1987631.4588489353,true,G,false,1840.79333496094,0.000539351369514539,0.000539351369514539
2673,BSA1.2673.2673.3,ECCDKPLLEK,1290.596,Carbamidomethyl:2;Carbamidomethyl:3,3,1290.595,sp|P02769|ALBU_BOVIN Serum albumin OS=Bos taurus GN=ALB PE=1 SV=4,300,309,K,431.20554616077,1990663.0048653365,true,S,false,1846.8330078125,0.114579896685785,0.114579896685785
2679,BSA1.2679.2679.3,LCVLHEK,897.476,Carbamidomethyl:2,3,897.474,sp|P02769|ALBU_BOVIN Serum albumin OS=Bos taurus GN=ALB PE=1 SV=4,483,489,R,300.1653508652367,1986593.3563468745,true,T,false,1851.89184570312,0.85687445137964,0.85687445137964
2716,BSA1.2716.2716.2,DLGEEHFK,973.449,,2,973.451,sp|P02769|ALBU_BOVIN Serum albumin OS=Bos taurus GN=ALB PE=1 SV=4,37,44,K,487.73253165307,993804.7934670309,true,G,false,1875.54736328125,0.00196108952997249,0.00196108952997249
2719,BSA1.2719.2719.3,DLGEEHFK,973.451,,3,973.451,sp|P02769|ALBU_BOVIN Serum albumin OS=Bos taurus GN=ALB PE=1 SV=4,37,44,K,325.49077992430335,1987631.4588489353,true,G,false,1877.39440917969,0.0131247178595681,0.0131247178595681
2723,BSA1.2723.2723.3,ECCDKPLLEK,1290.596,Carbamidomethyl:2;Carbamidomethyl:3,3,1290.595,sp|P02769|ALBU_BOVIN Serum albumin OS=Bos taurus GN=ALB PE=1 SV=4,300,309,K,431.20554616077,1990663.0048653365,true,S,false,1879.63781738281,0.353329658620747,0.353329658620747
2765,BSA1.2765.2765.3,LCVLHEK,897.476,Carbamidomethyl:2,3,897.474,sp|P02769|ALBU_BOVIN Serum albumin OS=Bos taurus GN=ALB PE=1 SV=4,483,489,R,300.1653508652367,1986593.3563468745,true,T,false,1903.76831054688,0.316162066364799,0.316162066364799
2769,BSA1.2769.2769.2,DLGEEHFK,973.449,,2,973.451,sp|P02769|ALBU_BOVIN Serum albumin OS=Bos taurus GN=ALB PE=1 SV=4,37,44,K,487.73253165307,993804.7934670309,true,G,false,1906.96594238281,0.00346500831270152,0.00346500831270152
2779,BSA1.2779.2779.3,DLGEEHFK,973.451,,3,973.451,sp|P02769|ALBU_BOVIN Serum albumin OS=Bos taurus GN=ALB PE=1 SV=4,37,44,K,325.49077992430335,1987631.4588489353,true,G,false,1912.52319335938,0.157725077959978,0.157725077959978
2789,BSA1.2789.2789.3,ECCDKPLLEK,1290.593,Carbamidomethyl:2;Carbamidomethyl:3,3,1290.595,sp|P02769|ALBU_BOVIN Serum albumin OS=Bos taurus GN=ALB PE=1 SV=4,300,309,K,431.20554616077,1990663.0048653365,true,S,false,1917.892578125,0.0545709642593103,0.0545709642593103
2791,BSA1.2791.2791.2,YICDNQDTISSK,1442.639,Carbamidomethyl:3,2,1442.635,sp|P02769|ALBU_BOVIN Serum albumin OS=Bos taurus GN=ALB PE=1 SV=4,286,297,K,722.3246560391699,995817.8531430375,true,L,false,1918.60864257812,0.00661981533707244,0.00661981533707244
2811,BSA1.2811.2811.2,LVTDLTK,788.463,,2,788.465,sp|P02769|ALBU_BOVIN Serum albumin OS=Bos taurus GN=ALB PE=1 SV=4,257,263,K,395.23946123317,992357.2083287141,true,V,false,1933.40515136719,0.00010789315850567,0.00010789315850567
2828,BSA1.2828.2828.2,DLGEEHFK,973.449,,2,973.451,sp|P02769|ALBU_BOVIN Serum albumin OS=Bos taurus GN=ALB PE=1 SV=4,37,44,K,487.73253165307,993804.7934670309,true,G,false,1942.3701171875,0.00335387299733599,0.00335387299733599
2837,BSA1.2837.2837.3,DLGEEHFK,973.451,,3,973.451,sp|P02769|ALBU_BOVIN Serum albumin OS=Bos taurus GN=ALB PE=1 SV=4,37,44,K,325.49077992430335,1987631.4588489353,true,G,false,1946.90405273438,0.0129757494274185,0.0129757494274185
2841,BSA1.2841.2841.3,LCVLHEK,897.476,Carbamidomethyl:2,3,897.474,sp|P02769|ALBU_BOVIN Serum albumin OS=Bos taurus GN=ALB PE=1 SV=4,483,489,R,300.1653508652367,1986593.3563468745,true,T,false,1949.05554199219,0.349437932788317,0.349437932788317
2843,BSA1.2843.2843.3,ECCDKPLLEK,1290.593,Carbamidomethyl:2;Carbamidomethyl:3,3,1290.595,sp|P02769|ALBU_BOVIN Serum albumin OS=Bos taurus GN=ALB PE=1 SV=4,300,309,K,431.20554616077,1990663.0048653365,true,S,false,1949.76904296875,0.382143436564646,0.382143436564646
2861,BSA1.2861.2861.2,LVTDLTK,788.463,,2,788.465,sp|P02769|ALBU_BOVIN Serum albumin OS=Bos taurus GN=ALB PE=1 SV=4,257,263,K,395.23946123317,992357.2083287141,true,V,false,1959.77478027344,0.0721247048871532,0.0721247048871532
2877,BSA1.2877.2877.2,EYEATLEECCAK,1501.607,Carbamidomethyl:9;Carbamidomethyl:10,2,1501.607,sp|P02769|ALBU_BOVIN Serum albumin OS=Bos taurus GN=ALB PE=1 SV=4,375,386,K,751.81052445027,995982.116029203,true,D,false,1968.10070800781,0.0819960995410232,0.0819960995410232
2880,BSA1.2880.2880.3,LCVLHEK,897.476,Carbamidomethyl:2,3,897.474,sp|P02769|ALBU_BOVIN Serum albumin OS=Bos taurus GN=ALB PE=1 SV=4,483,489,R,300.1653508652367,1986593.3563468745,true,T,false,1970.11474609375,0.196128906182191,0.196128906182191
2893,BSA1.2893.2893.2,GACLLPK,757.415,Carbamidomethyl:3,2,757.415,sp|P02769|ALBU_BOVIN Serum albumin OS=Bos taurus GN=ALB PE=1 SV=4,198,204,K,379.71509931167,992047.0568447445,true,I,false,1978.94653320312,0.0271519980296608,0.0271519980296608
2900,BSA1.2900.2900.2,DLGEEHFK,973.449,,2,973.451,sp|P02769|ALBU_BOVIN Serum albumin OS=Bos taurus GN=ALB PE=1 SV=4,37,44,K,487.73253165307,993804.7934670309,true,G,false,1984.97546386719,0.0445127273856154,0.0445127273856154
2903,BSA1.2903.2903.3,DLGEEHFK,973.451,,3,973.451,sp|P02769|ALBU_BOVIN Serum albumin OS=Bos taurus GN=ALB PE=1 SV=4,37,44,K,325.49077992430335,1987631.4588489353,true,G,false,1987.85107421875,0.0287975282006395,0.0287975282006395
2913,BSA1.2913.2913.3,LCVLHEK,897.476,Carbamidomethyl:2,3,897.474,sp|P02769|ALBU_BOVIN Serum albumin OS=Bos taurus GN=ALB PE=1 SV=4,483,489,R,300.1653508652367,1986593.3563468745,true,T,false,1994.03784179688,0.0660983984174916,0.0660983984174916
2941,BSA1.2941.2941.2,GACLLPK,757.415,Carbamidomethyl:3,2,757.415,sp|P02769|ALBU_BOVIN Serum albumin OS=Bos taurus GN=ALB PE=1 SV=4,198,204,K,379.71509931167,992047.0568447445,true,I,false,2010.87902832031,3.28210265759712e-05,3.28210265759712e-05
2946,BSA1.2946.2946.2,DLGEEHFK,973.449,,2,973.451,sp|P02769|ALBU_BOVIN Serum albumin OS=Bos taurus GN=ALB PE=1 SV=4,37,44,K,487.73253165307,993804.7934670309,true,G,false,2013.36364746094,0.00623385837223766,0.00623385837223766
2950,BSA1.2950.2950.2,AEFVEVTK,921.479,,2,921.481,sp|P02769|ALBU_BOVIN Serum albumin OS=Bos taurus GN=ALB PE=1 SV=4,249,256,K,461.74765040347,993456.0243695356,true,L,false,2015.59265136719,2.21239345057727e-05,2.21239345057727e-05
2958,BSA1.2958.2958.3,LCVLHEK,897.476,Carbamidomethyl:2,3,897.474,sp|P02769|ALBU_BOVIN Serum albumin OS=Bos taurus GN=ALB PE=1 SV=4,483,489,R,300.1653508652367,1986593.3563468745,true,T,false,2019.94262695312,0.146077819590189,0.146077819590189
2976,BSA1.2976.2976.2,DLGEEHFK,973.449,,2,973.451,sp|P02769|ALBU_BOVIN Serum albumin OS=Bos taurus GN=ALB PE=1 SV=4,37,44,K,487.73253165307,993804.7934670309,true,G,false,2029.41796875,0.121784863929886,0.121784863929886
2981,BSA1.2981.2981.2,GACLLPK,757.415,Carbamidomethyl:3,2,757.415,sp|P02769|ALBU_BOVIN Serum albumin OS=Bos taurus GN=ALB PE=1 SV=4,198,204,K,379.71509931167,992047.0568447445,true,I,false,2032.04125976562,2.39756844055062e-05,2.39756844055062e-05
2993,BSA1.2993.2993.2,AEFVEVTK,921.481,,2,921.481,sp|P02769|ALBU_BOVIN Serum albumin OS=Bos taurus GN=ALB PE=1 SV=4,249,256,K,461.74765040347,993456.0243695356,true,L,false,2038.95886230469,1.02340009956594e-05,1.02340009956594e-05
3007,BSA1.3007.3007.3,LCVLHEK,897.476,Carbamidomethyl:2,3,897.474,sp|P02769|ALBU_BOVIN Serum albumin OS=Bos taurus GN=ALB PE=1 SV=4,483,489,R,300.1653508652367,1986593.3563468745,true,T,false,2046.43884277344,0.789174316351202,0.789174316351202
3028,BSA1.3028.3028.3,LCVLHEK,897.476,Carbamidomethyl:2,3,897.474,sp|P02769|ALBU_BOVIN Serum albumin OS=Bos taurus GN=ALB PE=1 SV=4,483,489,R,300.1653508652367,1986593.3563468745,true,T,false,2058.48608398438,0.257928126861125,0.257928126861125
3029,BSA1.3029.3029.2,EACFAVEGPK,1106.505,Carbamidomethyl:3,2,1106.506,sp|P02769|ALBU_BOVIN Serum albumin OS=Bos taurus GN=ALB PE=1 SV=4,588,597,K,554.26059922917,994547.4863503481,true,L,false,2058.83471679688,0.0102582338798738,0.0102582338798738
3047,BSA1.3047.3047.2,GACLLPK,757.415,Carbamidomethyl:3,2,757.415,sp|P02769|ALBU_BOVIN Serum albumin OS=Bos taurus GN=ALB PE=1 SV=4,198,204,K,379.71509931167,992047.0568447445,true,I,false,2069.04321289062,0.00089361142676667,0.00089361142676667
3097,BSA1.3097.3097.2,EACFAVEGPK,1106.507,Carbamidomethyl:3,2,1106.506,sp|P02769|ALBU_BOVIN Serum albumin OS=Bos taurus GN=ALB PE=1 SV=4,588,597,K,554.26059922917,994547.4863503481,true,L,false,2098.17504882812,0.000176197944269469,0.000176197944269469
3307,BSA1.3307.3307.3,HLVDEPQNLIK,1304.708,,3,1304.71,sp|P02769|ALBU_BOVIN Serum albumin OS=Bos taurus GN=ALB PE=1 SV=4,402,412,K,435.91022657183674,1990759.020191262,true,Q,false,2295.90209960938,0.000162505491139017,0.000162505491139017
3311,BSA1.3311.3311.2,HLVDEPQNLIK,1304.709,,2,1304.71,sp|P02769|ALBU_BOVIN Serum albumin OS=Bos taurus GN=ALB PE=1 SV=4,402,412,K,653.3617016243701,995376.6245756896,true,Q,false,2298.28881835938,0.212450319551803,0.212450319551803
3328,BSA1.3328.3328.2,YLYEIAR,926.485,,2,926.486,sp|P02769|ALBU_BOVIN Serum albumin OS=Bos taurus GN=ALB PE=1 SV=4,161,167,K,464.25036026936993,993492.5123078787,true,R,false,2321.49926757812,4.32682790929943e-05,4.32682790929943e-05
3375,BSA1.3375.3375.2,YLYEIAR,926.485,,2,926.486,sp|P02769|ALBU_BOVIN Serum albumin OS=Bos taurus GN=ALB PE=1 SV=4,161,167,K,464.25036026936993,993492.5123078787,true,R,false,2357.07421875,5.94881969589832e-06,5.94881969589832e-06
3413,BSA1.3413.3413.2,LVVSTQTALA,1001.575,,2,1001.576,sp|P02769|ALBU_BOVIN Serum albumin OS=Bos taurus GN=ALB PE=1 SV=4,598,607,K,501.79513191067,993979.828887182,true,-,false,2380.93310546875,0.00483640113952257,0.00483640113952257
3445,BSA1.3445.3445.2,YLYEIAR,926.485,,2,926.486,sp|P02769|ALBU_BOVIN Serum albumin OS=Bos taurus GN=ALB PE=1 SV=4,161,167,K,464.25036026936993,993492.5123078787,true,R,false,2398.77709960938,2.09164385736902e-06,2.09164385736902e-06
3474,BSA1.3474.3474.2,HLVDEPQNLIK,1304.709,,2,1304.71,sp|P02769|ALBU_BOVIN Serum albumin OS=Bos taurus GN=ALB PE=1 SV=4,402,412,K,653.3617016243701,995376.6245756896,true,Q,false,2423.44287109375,0.121642254462152,0.121642254462152
3482,BSA1.3482.3482.2,LVVSTQTALA,1001.575,,2,1001.576,sp|P02769|ALBU_BOVIN Serum albumin OS=Bos taurus GN=ALB PE=1 SV=4,598,607,K,501.79513191067,993979.828887182,true,-,false,2431.52172851562,0.0018976436504477,0.0018976436504477
3542,BSA1.3542.3542.3,HLVDEPQNLIK,1304.708,,3,1304.71,sp|P02769|ALBU_BOVIN Serum albumin OS=Bos taurus GN=ALB PE=1 SV=4,402,412,K,435.91022657183674,1990759.020191262,true,Q,false,2488.0380859375,7.12386573694279e-05,7.12386573694279e-05
3546,BSA1.3546.3546.2,HLVDEPQNLIK,1304.709,,2,1304.71,sp|P02769|ALBU_BOVIN Serum albumin OS=Bos taurus GN=ALB PE=1 SV=4,402,412,K,653.3617016243701,995376.6245756896,true,Q,false,2490.31689453125,0.00587989109669256,0.00587989109669256
3554,BSA1.3554.3554.3,LKPDPNTLCDEFK,1575.761,Carbamidomethyl:9,3,1575.761,sp|P02769|ALBU_BOVIN Serum albumin OS=Bos taurus GN=ALB PE=1 SV=4,139,151,K,526.2607078040365,1992347.489909588,true,A,false,2495.662109375,0.00502855423861815,0.00502855423861815
