Spectrum ID,Spectrum Title,Sequence,Exp m/z,Modifications,Charge,Calc m/z,Protein ID,Sequence Start,Sequence Stop,Sequence Pre AA,uCalc m/z,Accuracy (ppm),Complies search criteria,Sequence Post AA,Is decoy,Retention Time (s),OMSSA:evalue,OMSSA:pvalue,PEP
3445,BSA1.3445.3445.2,YLYEIAR,926.485,,2,926.486,sp|P02769|ALBU_BOVIN Serum albumin OS=Bos taurus GN=ALB PE=1 SV=4,161,167,K,464.25036026937,993492.512307879,true,R,false,2398.77709960938,2.09164385736902E-06,2.09164385736902E-06,0.01
3375,BSA1.3375.3375.2,YLYEIAR,926.485,,2,926.486,sp|P02769|ALBU_BOVIN Serum albumin OS=Bos taurus GN=ALB PE=1 SV=4,161,167,K,464.25036026937,993492.512307879,true,R,false,2357.07421875,5.94881969589832E-06,5.94881969589832E-06,0.01
2993,BSA1.2993.2993.2,AEFVEVTK,921.481,,2,921.481,sp|P02769|ALBU_BOVIN Serum albumin OS=Bos taurus GN=ALB PE=1 SV=4,249,256,K,461.74765040347,993456.024369536,true,L,false,2038.95886230469,1.02340009956594E-05,1.02340009956594E-05,0.01
2950,BSA1.2950.2950.2,AEFVEVTK,921.479,,2,921.481,sp|P02769|ALBU_BOVIN Serum albumin OS=Bos taurus GN=ALB PE=1 SV=4,249,256,K,461.74765040347,993456.024369536,true,L,false,2015.59265136719,2.21239345057727E-05,2.21239345057727E-05,0.01
2981,BSA1.2981.2981.2,GACLLPK,757.415,Carbamidomethyl:3,2,757.415,sp|P02769|ALBU_BOVIN Serum albumin OS=Bos taurus GN=ALB PE=1 SV=4,198,204,K,379.71509931167,992047.056844745,true,I,false,2032.04125976562,2.39756844055062E-05,2.39756844055062E-05,0.01
2941,BSA1.2941.2941.2,GACLLPK,757.415,Carbamidomethyl:3,2,757.415,sp|P02769|ALBU_BOVIN Serum albumin OS=Bos taurus GN=ALB PE=1 SV=4,198,204,K,379.71509931167,992047.056844745,true,I,false,2010.87902832031,3.28210265759712E-05,3.28210265759712E-05,0.01
2624,BSA1.2624.2624.2,YICDNQDTISSK,1442.635,Carbamidomethyl:3,2,1442.635,sp|P02769|ALBU_BOVIN Serum albumin OS=Bos taurus GN=ALB PE=1 SV=4,286,297,K,722.32465603917,995817.853143038,true,L,false,1804.15795898438,3.48338813182274E-05,3.48338813182274E-05,0.01
3328,BSA1.3328.3328.2,YLYEIAR,926.485,,2,926.486,sp|P02769|ALBU_BOVIN Serum albumin OS=Bos taurus GN=ALB PE=1 SV=4,161,167,K,464.25036026937,993492.512307879,true,R,false,2321.49926757812,4.32682790929943E-05,4.32682790929943E-05,0.01
2458,BSA1.2458.2458.3,SHCIAEVEK,1071.503,Carbamidomethyl:3,3,1071.502,sp|P02769|ALBU_BOVIN Serum albumin OS=Bos taurus GN=ALB PE=1 SV=4,310,318,K,358.174574632303,1988760.76022573,true,D,false,1554.4921875,7.11807636367449E-05,7.11807636367449E-05,0.01
3542,BSA1.3542.3542.3,HLVDEPQNLIK,1304.708,,3,1304.71,sp|P02769|ALBU_BOVIN Serum albumin OS=Bos taurus GN=ALB PE=1 SV=4,402,412,K,435.910226571837,1990759.02019126,true,Q,false,2488.0380859375,7.12386573694279E-05,7.12386573694279E-05,0.01
2811,BSA1.2811.2811.2,LVTDLTK,788.463,,2,788.465,sp|P02769|ALBU_BOVIN Serum albumin OS=Bos taurus GN=ALB PE=1 SV=4,257,263,K,395.23946123317,992357.208328714,true,V,false,1933.40515136719,0.000107893158506,0.000107893158506,0.1
3307,BSA1.3307.3307.3,HLVDEPQNLIK,1304.708,,3,1304.71,sp|P02769|ALBU_BOVIN Serum albumin OS=Bos taurus GN=ALB PE=1 SV=4,402,412,K,435.910226571837,1990759.02019126,true,Q,false,2295.90209960938,0.000162505491139,0.000162505491139,0.1
2566,BSA1.2566.2566.2,CCTESLVNR,1137.491,Carbamidomethyl:1;Carbamidomethyl:2,2,1137.49,sp|P02769|ALBU_BOVIN Serum albumin OS=Bos taurus GN=ALB PE=1 SV=4,499,507,K,569.75261564827,994699.062921355,true,R,false,1750.91589355469,0.000171958885036,0.000171958885036,0.1
3097,BSA1.3097.3097.2,EACFAVEGPK,1106.507,Carbamidomethyl:3,2,1106.506,sp|P02769|ALBU_BOVIN Serum albumin OS=Bos taurus GN=ALB PE=1 SV=4,588,597,K,554.26059922917,994547.486350348,true,L,false,2098.17504882812,0.000176197944269,0.000176197944269,0.1
2548,BSA1.2548.2548.2,DDSPDLPK,885.407,,2,885.409,sp|P02769|ALBU_BOVIN Serum albumin OS=Bos taurus GN=ALB PE=1 SV=4,131,138,K,443.71126489467,993192.056489228,true,L,false,1738.03344726562,0.000311969919514,0.000311969919514,0.1
2663,BSA1.2663.2663.3,DLGEEHFK,973.451,,3,973.451,sp|P02769|ALBU_BOVIN Serum albumin OS=Bos taurus GN=ALB PE=1 SV=4,37,44,K,325.490779924303,1987631.45884894,true,G,false,1840.79333496094,0.000539351369515,0.000539351369515,0.1
2588,BSA1.2588.2588.2,LCVLHEK,897.473,Carbamidomethyl:2,2,897.474,sp|P02769|ALBU_BOVIN Serum albumin OS=Bos taurus GN=ALB PE=1 SV=4,483,489,R,449.74438806447,993282.732642814,true,T,false,1776.05004882812,0.000815926725322,0.000815926725322,0.1
3047,BSA1.3047.3047.2,GACLLPK,757.415,Carbamidomethyl:3,2,757.415,sp|P02769|ALBU_BOVIN Serum albumin OS=Bos taurus GN=ALB PE=1 SV=4,198,204,K,379.71509931167,992047.056844745,true,I,false,2069.04321289062,0.000893611426767,0.000893611426767,0.1
2619,BSA1.2619.2619.3,LCVLHEK,897.476,Carbamidomethyl:2,3,897.474,sp|P02769|ALBU_BOVIN Serum albumin OS=Bos taurus GN=ALB PE=1 SV=4,483,489,R,300.165350865237,1986593.35634687,true,T,false,1800.23291015625,0.001732600858353,0.001732600858353,0.1
3482,BSA1.3482.3482.2,LVVSTQTALA,1001.575,,2,1001.576,sp|P02769|ALBU_BOVIN Serum albumin OS=Bos taurus GN=ALB PE=1 SV=4,598,607,K,501.79513191067,993979.828887182,true,-,false,2431.52172851562,0.001897643650448,0.001897643650448,0.1
2716,BSA1.2716.2716.2,DLGEEHFK,973.449,,2,973.451,sp|P02769|ALBU_BOVIN Serum albumin OS=Bos taurus GN=ALB PE=1 SV=4,37,44,K,487.73253165307,993804.793467031,true,G,false,1875.54736328125,0.001961089529972,0.001961089529972,0.1
2828,BSA1.2828.2828.2,DLGEEHFK,973.449,,2,973.451,sp|P02769|ALBU_BOVIN Serum albumin OS=Bos taurus GN=ALB PE=1 SV=4,37,44,K,487.73253165307,993804.793467031,true,G,false,1942.3701171875,0.003353872997336,0.003353872997336,0.1
2769,BSA1.2769.2769.2,DLGEEHFK,973.449,,2,973.451,sp|P02769|ALBU_BOVIN Serum albumin OS=Bos taurus GN=ALB PE=1 SV=4,37,44,K,487.73253165307,993804.793467031,true,G,false,1906.96594238281,0.003465008312702,0.003465008312702,0.1
2547,BSA1.2547.2547.2,YICDNQDTISSK,1442.635,Carbamidomethyl:3,2,1442.635,sp|P02769|ALBU_BOVIN Serum albumin OS=Bos taurus GN=ALB PE=1 SV=4,286,297,K,722.32465603917,995817.853143038,true,L,false,1736.66821289062,0.004467419881514,0.004467419881514,0.1
3413,BSA1.3413.3413.2,LVVSTQTALA,1001.575,,2,1001.576,sp|P02769|ALBU_BOVIN Serum albumin OS=Bos taurus GN=ALB PE=1 SV=4,598,607,K,501.79513191067,993979.828887182,true,-,false,2380.93310546875,0.004836401139523,0.004836401139523,0.1
3554,BSA1.3554.3554.3,LKPDPNTLCDEFK,1575.761,Carbamidomethyl:9,3,1575.761,sp|P02769|ALBU_BOVIN Serum albumin OS=Bos taurus GN=ALB PE=1 SV=4,139,151,K,526.260707804037,1992347.48990959,true,A,false,2495.662109375,0.005028554238618,0.005028554238618,0.1
3546,BSA1.3546.3546.2,HLVDEPQNLIK,1304.709,,2,1304.71,sp|P02769|ALBU_BOVIN Serum albumin OS=Bos taurus GN=ALB PE=1 SV=4,402,412,K,653.36170162437,995376.62457569,true,Q,false,2490.31689453125,0.005879891096693,0.005879891096693,0.1
2946,BSA1.2946.2946.2,DLGEEHFK,973.449,,2,973.451,sp|P02769|ALBU_BOVIN Serum albumin OS=Bos taurus GN=ALB PE=1 SV=4,37,44,K,487.73253165307,993804.793467031,true,G,false,2013.36364746094,0.006233858372238,0.006233858372238,0.1
2791,BSA1.2791.2791.2,YICDNQDTISSK,1442.639,Carbamidomethyl:3,2,1442.635,sp|P02769|ALBU_BOVIN Serum albumin OS=Bos taurus GN=ALB PE=1 SV=4,286,297,K,722.32465603917,995817.853143038,true,L,false,1918.60864257812,0.006619815337072,0.006619815337072,0.1
3029,BSA1.3029.3029.2,EACFAVEGPK,1106.505,Carbamidomethyl:3,2,1106.506,sp|P02769|ALBU_BOVIN Serum albumin OS=Bos taurus GN=ALB PE=1 SV=4,588,597,K,554.26059922917,994547.486350348,true,L,false,2058.83471679688,0.010258233879874,0.010258233879874,0.1
2609,BSA1.2609.2609.2,CCTESLVNR,1137.489,Carbamidomethyl:1;Carbamidomethyl:2,2,1137.49,sp|P02769|ALBU_BOVIN Serum albumin OS=Bos taurus GN=ALB PE=1 SV=4,499,507,K,569.75261564827,994699.062921355,true,R,false,1793.82604980469,0.010338770320008,0.010338770320008,0.1
2837,BSA1.2837.2837.3,DLGEEHFK,973.451,,3,973.451,sp|P02769|ALBU_BOVIN Serum albumin OS=Bos taurus GN=ALB PE=1 SV=4,37,44,K,325.490779924303,1987631.45884894,true,G,false,1946.90405273438,0.012975749427419,0.012975749427419,0.1
2719,BSA1.2719.2719.3,DLGEEHFK,973.451,,3,973.451,sp|P02769|ALBU_BOVIN Serum albumin OS=Bos taurus GN=ALB PE=1 SV=4,37,44,K,325.490779924303,1987631.45884894,true,G,false,1877.39440917969,0.013124717859568,0.013124717859568,0.1
2583,BSA1.2583.2583.3,LCVLHEK,897.476,Carbamidomethyl:2,3,897.474,sp|P02769|ALBU_BOVIN Serum albumin OS=Bos taurus GN=ALB PE=1 SV=4,483,489,R,300.165350865237,1986593.35634687,true,T,false,1772.36950683594,0.026034298055877,0.026034298055877,0.1
2893,BSA1.2893.2893.2,GACLLPK,757.415,Carbamidomethyl:3,2,757.415,sp|P02769|ALBU_BOVIN Serum albumin OS=Bos taurus GN=ALB PE=1 SV=4,198,204,K,379.71509931167,992047.056844745,true,I,false,1978.94653320312,0.027151998029661,0.027151998029661,0.1
2903,BSA1.2903.2903.3,DLGEEHFK,973.451,,3,973.451,sp|P02769|ALBU_BOVIN Serum albumin OS=Bos taurus GN=ALB PE=1 SV=4,37,44,K,325.490779924303,1987631.45884894,true,G,false,1987.85107421875,0.02879752820064,0.02879752820064,0.1
2900,BSA1.2900.2900.2,DLGEEHFK,973.449,,2,973.451,sp|P02769|ALBU_BOVIN Serum albumin OS=Bos taurus GN=ALB PE=1 SV=4,37,44,K,487.73253165307,993804.793467031,true,G,false,1984.97546386719,0.044512727385615,0.044512727385615,0.1
2615,BSA1.2615.2615.3,ECCDKPLLEK,1290.593,Carbamidomethyl:2;Carbamidomethyl:3,3,1290.595,sp|P02769|ALBU_BOVIN Serum albumin OS=Bos taurus GN=ALB PE=1 SV=4,300,309,K,431.20554616077,1990663.00486534,true,S,false,1797.83959960938,0.05082078338475,0.05082078338475,0.1
2789,BSA1.2789.2789.3,ECCDKPLLEK,1290.593,Carbamidomethyl:2;Carbamidomethyl:3,3,1290.595,sp|P02769|ALBU_BOVIN Serum albumin OS=Bos taurus GN=ALB PE=1 SV=4,300,309,K,431.20554616077,1990663.00486534,true,S,false,1917.892578125,0.05457096425931,0.05457096425931,0.1
2659,BSA1.2659.2659.2,DLGEEHFK,973.449,,2,973.451,sp|P02769|ALBU_BOVIN Serum albumin OS=Bos taurus GN=ALB PE=1 SV=4,37,44,K,487.73253165307,993804.793467031,true,G,false,1838.44543457031,0.057202224059462,0.057202224059462,0.1
2913,BSA1.2913.2913.3,LCVLHEK,897.476,Carbamidomethyl:2,3,897.474,sp|P02769|ALBU_BOVIN Serum albumin OS=Bos taurus GN=ALB PE=1 SV=4,483,489,R,300.165350865237,1986593.35634687,true,T,false,1994.03784179688,0.066098398417492,0.066098398417492,0.1
2573,BSA1.2573.2573.2,ECCDKPLLEK,1290.595,Carbamidomethyl:2;Carbamidomethyl:3,2,1290.595,sp|P02769|ALBU_BOVIN Serum albumin OS=Bos taurus GN=ALB PE=1 SV=4,300,309,K,646.30468100777,995326.244909035,true,S,false,1759.0947265625,0.066646434272668,0.066646434272668,0.1
2861,BSA1.2861.2861.2,LVTDLTK,788.463,,2,788.465,sp|P02769|ALBU_BOVIN Serum albumin OS=Bos taurus GN=ALB PE=1 SV=4,257,263,K,395.23946123317,992357.208328714,true,V,false,1959.77478027344,0.072124704887153,0.072124704887153,0.1
2877,BSA1.2877.2877.2,EYEATLEECCAK,1501.607,Carbamidomethyl:9;Carbamidomethyl:10,2,1501.607,sp|P02769|ALBU_BOVIN Serum albumin OS=Bos taurus GN=ALB PE=1 SV=4,375,386,K,751.81052445027,995982.116029203,true,D,false,1968.10070800781,0.081996099541023,0.081996099541023,0.1
2569,BSA1.2569.2569.3,ECCDKPLLEK,1290.596,Carbamidomethyl:2;Carbamidomethyl:3,3,1290.595,sp|P02769|ALBU_BOVIN Serum albumin OS=Bos taurus GN=ALB PE=1 SV=4,300,309,K,431.20554616077,1990663.00486534,true,S,false,1755.91577148438,0.08404778612369,0.08404778612369,0.1
2625,BSA1.2625.2625.2,ECCDKPLLEK,1290.593,Carbamidomethyl:2;Carbamidomethyl:3,2,1290.595,sp|P02769|ALBU_BOVIN Serum albumin OS=Bos taurus GN=ALB PE=1 SV=4,300,309,K,646.30468100777,995326.244909035,true,S,false,1804.53405761719,0.107750355273592,0.107750355273592,0.1
2673,BSA1.2673.2673.3,ECCDKPLLEK,1290.596,Carbamidomethyl:2;Carbamidomethyl:3,3,1290.595,sp|P02769|ALBU_BOVIN Serum albumin OS=Bos taurus GN=ALB PE=1 SV=4,300,309,K,431.20554616077,1990663.00486534,true,S,false,1846.8330078125,0.114579896685785,0.114579896685785,0.1
3474,BSA1.3474.3474.2,HLVDEPQNLIK,1304.709,,2,1304.71,sp|P02769|ALBU_BOVIN Serum albumin OS=Bos taurus GN=ALB PE=1 SV=4,402,412,K,653.36170162437,995376.62457569,true,Q,false,2423.44287109375,0.121642254462152,0.121642254462152,0.1
2976,BSA1.2976.2976.2,DLGEEHFK,973.449,,2,973.451,sp|P02769|ALBU_BOVIN Serum albumin OS=Bos taurus GN=ALB PE=1 SV=4,37,44,K,487.73253165307,993804.793467031,true,G,false,2029.41796875,0.121784863929886,0.121784863929886,0.1
2958,BSA1.2958.2958.3,LCVLHEK,897.476,Carbamidomethyl:2,3,897.474,sp|P02769|ALBU_BOVIN Serum albumin OS=Bos taurus GN=ALB PE=1 SV=4,483,489,R,300.165350865237,1986593.35634687,true,T,false,2019.94262695312,0.146077819590189,0.146077819590189,0.1
2779,BSA1.2779.2779.3,DLGEEHFK,973.451,,3,973.451,sp|P02769|ALBU_BOVIN Serum albumin OS=Bos taurus GN=ALB PE=1 SV=4,37,44,K,325.490779924303,1987631.45884894,true,G,false,1912.52319335938,0.157725077959978,0.157725077959978,0.1
2880,BSA1.2880.2880.3,LCVLHEK,897.476,Carbamidomethyl:2,3,897.474,sp|P02769|ALBU_BOVIN Serum albumin OS=Bos taurus GN=ALB PE=1 SV=4,483,489,R,300.165350865237,1986593.35634687,true,T,false,1970.11474609375,0.196128906182191,0.196128906182191,0.1
3311,BSA1.3311.3311.2,HLVDEPQNLIK,1304.709,,2,1304.71,sp|P02769|ALBU_BOVIN Serum albumin OS=Bos taurus GN=ALB PE=1 SV=4,402,412,K,653.36170162437,995376.62457569,true,Q,false,2298.28881835938,0.212450319551803,0.212450319551803,0.1
3028,BSA1.3028.3028.3,LCVLHEK,897.476,Carbamidomethyl:2,3,897.474,sp|P02769|ALBU_BOVIN Serum albumin OS=Bos taurus GN=ALB PE=1 SV=4,483,489,R,300.165350865237,1986593.35634687,true,T,false,2058.48608398438,0.257928126861125,0.257928126861125,0.1
2765,BSA1.2765.2765.3,LCVLHEK,897.476,Carbamidomethyl:2,3,897.474,sp|P02769|ALBU_BOVIN Serum albumin OS=Bos taurus GN=ALB PE=1 SV=4,483,489,R,300.165350865237,1986593.35634687,true,T,false,1903.76831054688,0.316162066364799,0.316162066364799,0.1
2841,BSA1.2841.2841.3,LCVLHEK,897.476,Carbamidomethyl:2,3,897.474,sp|P02769|ALBU_BOVIN Serum albumin OS=Bos taurus GN=ALB PE=1 SV=4,483,489,R,300.165350865237,1986593.35634687,true,T,false,1949.05554199219,0.349437932788317,0.349437932788317,0.1
2723,BSA1.2723.2723.3,ECCDKPLLEK,1290.596,Carbamidomethyl:2;Carbamidomethyl:3,3,1290.595,sp|P02769|ALBU_BOVIN Serum albumin OS=Bos taurus GN=ALB PE=1 SV=4,300,309,K,431.20554616077,1990663.00486534,true,S,false,1879.63781738281,0.353329658620747,0.353329658620747,0.1
2843,BSA1.2843.2843.3,ECCDKPLLEK,1290.593,Carbamidomethyl:2;Carbamidomethyl:3,3,1290.595,sp|P02769|ALBU_BOVIN Serum albumin OS=Bos taurus GN=ALB PE=1 SV=4,300,309,K,431.20554616077,1990663.00486534,true,S,false,1949.76904296875,0.382143436564646,0.382143436564646,0.1
2590,BSA1.2590.2590.2,YICDNQDTISSK,1442.633,Carbamidomethyl:3,2,1442.635,sp|P02769|ALBU_BOVIN Serum albumin OS=Bos taurus GN=ALB PE=1 SV=4,286,297,K,722.32465603917,995817.853143038,true,L,false,1777.67211914062,0.487411433823353,0.487411433823353,0.1
2657,BSA1.2657.2657.2,ETYGDMADCCEK,1477.517,Carbamidomethyl:9;Carbamidomethyl:10,2,1477.515,sp|P02769|ALBU_BOVIN Serum albumin OS=Bos taurus GN=ALB PE=1 SV=4,106,117,R,739.76525990847,995917.453922019,true,Q,false,1837.71459960938,0.682026693272177,0.682026693272177,0.1
3007,BSA1.3007.3007.3,LCVLHEK,897.476,Carbamidomethyl:2,3,897.474,sp|P02769|ALBU_BOVIN Serum albumin OS=Bos taurus GN=ALB PE=1 SV=4,483,489,R,300.165350865237,1986593.35634687,true,T,false,2046.43884277344,0.789174316351202,0.789174316351202,0.1
2679,BSA1.2679.2679.3,LCVLHEK,897.476,Carbamidomethyl:2,3,897.474,sp|P02769|ALBU_BOVIN Serum albumin OS=Bos taurus GN=ALB PE=1 SV=4,483,489,R,300.165350865237,1986593.35634687,true,T,false,1851.89184570312,0.85687445137964,0.85687445137964,0.1
